{
  "Random Forest": {
    "model": "Random Forest",
    "accuracy": 0.8688480785113929,
    "precision": 0.8141625122812125,
    "recall": 0.9871172681549457,
    "f1": 0.8923365306000359,
    "roc_auc": 0.9798124497699854,
    "pr_auc": 0.9835905406586118,
    "false_positive_rate": 0.27605405405405403,
    "false_negative_rate": 0.012882731845054266,
    "true_positives": 44748,
    "false_positives": 10214,
    "true_negatives": 26786,
    "false_negatives": 584,
    "train_time_seconds": 1172.36
  },
  "Isolation Forest": {
    "model": "Isolation Forest",
    "accuracy": 0.603398435602196,
    "precision": 0.865199608272366,
    "recall": 0.33131121503573635,
    "f1": 0.47914373674052096,
    "roc_auc": 0.7950616320790039,
    "pr_auc": 0.8242602589881527,
    "false_positive_rate": 0.06324324324324325,
    "false_negative_rate": 0.6686887849642636,
    "true_positives": 15019,
    "false_positives": 2340,
    "true_negatives": 34660,
    "false_negatives": 30313,
    "threshold": 0.008001624946364992,
    "train_time_seconds": 2.49
  },
  "Hybrid (RF 70% + IF 30%)": {
    "model": "Hybrid (RF 70% + IF 30%)",
    "accuracy": 0.9027352669678861,
    "precision": 0.8767056923698022,
    "recall": 0.9580870025588988,
    "f1": 0.915591533856143,
    "roc_auc": 0.9763480901266572,
    "pr_auc": 0.9805850823627538,
    "false_positive_rate": 0.16508108108108108,
    "false_negative_rate": 0.04191299744110121,
    "true_positives": 43432,
    "false_positives": 6108,
    "true_negatives": 30892,
    "false_negatives": 1900,
    "defer_count": 9201,
    "defer_rate": 0.11175484623232765,
    "agree_rate": 0.501506097264733,
    "rf_weight": 0.7,
    "if_weight": 0.3,
    "hybrid_threshold": 0.55
  },
  "Isolation Forest Threshold": 0.008001624946364992,
  "Dataset": {
    "train_samples": 175341,
    "test_samples": 82332,
    "train_attacks": 119341,
    "test_attacks": 45332
  }
}